/providers/Lewisham/index.{html} /providers/Lewisham/
/testimony/SR044/index.{html} /testimony/SR044/
/testimony/SR080/index.{html} /testimony/SR080/
/testimony/SR083/index.{html} /testimony/SR083/
/about/index.{html} /about/
/cases/aylesbury/index.{html} /cases/aylesbury/
/cause-effect-affect/accumulative-dispossession/index.{html} /cause-effect-affect/accumulative-dispossession/
/cause-effect-affect/right-to-buy/index.{html} /cause-effect-affect/right-to-buy/
/testimony/SR098/index.{html} /testimony/SR098/
/testimony/SR100/index.{html} /testimony/SR100/
/cases/regina-road/index.{html} /cases/regina-road/
/cause-effect-affect/eczema/index.{html} /cause-effect-affect/eczema/
/cause-effect-affect/overcrowding/index.{html} /cause-effect-affect/overcrowding/
/media/ITV-Surviving-squalor/index.{html} /media/ITV-Surviving-squalor/
/testimony/SR011/index.{html} /testimony/SR011/
/testimony/SR070/index.{html} /testimony/SR070/
/testimony/SR097/index.{html} /testimony/SR097/
/testimony/SR101/index.{html} /testimony/SR101/
/cause-effect-affect/Shame/index.{html} /cause-effect-affect/Shame/
/cause-effect-affect/mental-health/index.{html} /cause-effect-affect/mental-health/
/damp-vs-mould/index.{html} /damp-vs-mould/
/providers/peabody/index.{html} /providers/peabody/
/testimony/SR064/index.{html} /testimony/SR064/
/cause-effect-affect/infection/index.{html} /cause-effect-affect/infection/
/providers/Lambeth/index.{html} /providers/Lambeth/
/testimony/SR053/index.{html} /testimony/SR053/
/testimony/SR091/index.{html} /testimony/SR091/
/testimony/SR093/index.{html} /testimony/SR093/
/cases/wornington-green/index.{html} /cases/wornington-green/
/cause-effect-affect/Asthma/index.{html} /cause-effect-affect/Asthma/
/cause-effect-affect/health/index.{html} /cause-effect-affect/health/
/testimony/SR040/index.{html} /testimony/SR040/
/testimony/SR075/index.{html} /testimony/SR075/
/cases/central-hill/index.{html} /cases/central-hill/
/cases/eastfields-estate/index.{html} /cases/eastfields-estate/
/cause-effect-affect/Atopy/index.{html} /cause-effect-affect/Atopy/
/organising-principles/index.{html} /organising-principles/
/providers/Brent/index.{html} /providers/Brent/
/providers/LQ/index.{html} /providers/LQ/
/providers/newham/index.{html} /providers/newham/
/testimony/SR057/index.{html} /testimony/SR057/
/testimony/SR092/index.{html} /testimony/SR092/
/providers/clarion/index.{html} /providers/clarion/
/providers/haringey/index.{html} /providers/haringey/
/providers/tower-hamlets/index.{html} /providers/tower-hamlets/
/testimony/SR013/index.{html} /testimony/SR013/
/testimony/SR087/index.{html} /testimony/SR087/
/cases/blake-court/index.{html} /cases/blake-court/
/cause-effect-affect/fuel-poverty/index.{html} /cause-effect-affect/fuel-poverty/
/cause-effect-affect/regeneration/index.{html} /cause-effect-affect/regeneration/
/providers/Merton/index.{html} /providers/Merton/
/providers/PRS/index.{html} /providers/PRS/
/providers/catalyst/index.{html} /providers/catalyst/
/providers/southwark/index.{html} /providers/southwark/
/testimony/SR027/index.{html} /testimony/SR027/
/testimony/SR102/index.{html} /testimony/SR102/
/Survey/index.{html} /Survey/
/providers/Croydon/index.{html} /providers/Croydon/
/testimony/SR042/index.{html} /testimony/SR042/
/providers/kensington-and-chelsea/index.{html} /providers/kensington-and-chelsea/
/testimony/SR037/index.{html} /testimony/SR037/
/index.html /
/cause-effect-affect/health-and-moisture/index.{html} /cause-effect-affect/health-and-moisture/
/testimony/interview1/index.{html} /testimony/interview1/
/cases/broadwater-farm/index.{html} /cases/broadwater-farm/
/cause-effect-affect/Rhinitis/index.{html} /cause-effect-affect/Rhinitis/
/testimony/SR005/index.{html} /testimony/SR005/
/testimony/SR045/index.{html} /testimony/SR045/
/Start-exploring/index.{html} /Start-exploring/
/cause-effect-affect/finances/index.{html} /cause-effect-affect/finances/
/evidence/surveyors/index.{html} /evidence/surveyors/
/media/kwajo/index.{html} /media/kwajo/
/testimony/SR026/index.{html} /testimony/SR026/
/testimony/SR051/index.{html} /testimony/SR051/
/testimony/SR058/index.{html} /testimony/SR058/
/testimony/SR072/index.{html} /testimony/SR072/
/testimony/SR096/index.{html} /testimony/SR096/
/media/c4-ident/index.{html} /media/c4-ident/
/testimony/SR034/index.{html} /testimony/SR034/
/testimony/SR082/index.{html} /testimony/SR082/
